plan_index,line_number,motion,movement_type,pcb_x_mm,pcb_y_mm,machine_x_mm,machine_y_mm,programmed_z_mm,surface_z_machine_mm,delta_z_mm,final_z_mm,feed_mm_min,uses_surface_map
0,3,G0,desplazamiento_rapido,0.0,0.0,100.0,200.0,0.0,3,0.0,3.0,,False
1,4,G1,movimiento_lineal,0.0,0.0,100.0,200.0,-0.1,3.003,0.003,2.903,120.0,True
2,5,G1,movimiento_lineal,0.1,0.0,100.1,200.0,-0.1,3.0034,0.0033999999999999985,2.9034,240.0,True
3,5,G1,movimiento_lineal,0.2,0.0,100.2,200.0,-0.1,3.0038,0.0038000000000000004,2.9038,240.0,True
4,5,G1,movimiento_lineal,0.30000000000000004,0.0,100.3,200.0,-0.1,3.0042,0.004199999999999999,2.9042,240.0,True
5,5,G1,movimiento_lineal,0.4,0.0,100.4,200.0,-0.1,3.0046,0.004600000000000001,2.9046,240.0,True
6,5,G1,movimiento_lineal,0.5,0.0,100.5,200.0,-0.1,3.005,0.005,2.905,240.0,True
7,5,G1,movimiento_lineal,0.6000000000000001,0.0,100.6,200.0,-0.1,3.0054,0.0053999999999999986,2.9053999999999998,240.0,True
8,5,G1,movimiento_lineal,0.7,0.0,100.7,200.0,-0.1,3.0058,0.0058000000000000005,2.9057999999999997,240.0,True
9,5,G1,movimiento_lineal,0.8,0.0,100.8,200.0,-0.1,3.0062,0.006199999999999999,2.9062,240.0,True
10,5,G1,movimiento_lineal,0.8999999999999999,0.0,100.9,200.0,-0.1,3.0066,0.006600000000000002,2.9066,240.0,True
11,5,G1,movimiento_lineal,1.0,0.0,101.0,200.0,-0.1,3.007,0.007,2.907,240.0,True
12,5,G1,movimiento_lineal,1.0999999999999999,0.0,101.1,200.0,-0.1,3.0074,0.007399999999999998,2.9074,240.0,True
13,5,G1,movimiento_lineal,1.2000000000000002,0.0,101.2,200.0,-0.1,3.0078,0.0078000000000000005,2.9078,240.0,True
14,5,G1,movimiento_lineal,1.3,0.0,101.3,200.0,-0.1,3.0082,0.008199999999999999,2.9082,240.0,True
15,5,G1,movimiento_lineal,1.4,0.0,101.4,200.0,-0.1,3.0086,0.008600000000000002,2.9086,240.0,True
16,5,G1,movimiento_lineal,1.5,0.0,101.5,200.0,-0.1,3.009,0.009,2.909,240.0,True
17,5,G1,movimiento_lineal,1.6,0.0,101.6,200.0,-0.1,3.0094,0.009399999999999999,2.9093999999999998,240.0,True
18,5,G1,movimiento_lineal,1.7,0.0,101.7,200.0,-0.1,3.0098,0.0098,2.9097999999999997,240.0,True
19,5,G1,movimiento_lineal,1.7999999999999998,0.0,101.8,200.0,-0.1,3.0102,0.010199999999999997,2.9102,240.0,True
20,5,G1,movimiento_lineal,1.9,0.0,101.9,200.0,-0.1,3.0106,0.0106,2.9106,240.0,True
21,5,G1,movimiento_lineal,2.0,0.0,102.0,200.0,-0.1,3.011,0.011,2.911,240.0,True
22,5,G1,movimiento_lineal,2.0999999999999996,0.0,102.1,200.0,-0.1,3.0122,0.012199999999999996,2.9122,240.0,True
23,5,G1,movimiento_lineal,2.1999999999999997,0.0,102.2,200.0,-0.1,3.0134,0.013399999999999992,2.9133999999999998,240.0,True
24,5,G1,movimiento_lineal,2.3000000000000003,0.0,102.3,200.0,-0.1,3.0146,0.01460000000000001,2.9146,240.0,True
25,5,G1,movimiento_lineal,2.4000000000000004,0.0,102.4,200.0,-0.1,3.0158,0.015800000000000005,2.9158,240.0,True
26,5,G1,movimiento_lineal,2.5,0.0,102.5,200.0,-0.1,3.017,0.017,2.917,240.0,True
27,5,G1,movimiento_lineal,2.6,0.0,102.6,200.0,-0.1,3.0182,0.018199999999999997,2.9182,240.0,True
28,5,G1,movimiento_lineal,2.7,0.0,102.7,200.0,-0.1,3.0194,0.019400000000000004,2.9194,240.0,True
29,5,G1,movimiento_lineal,2.8,0.0,102.8,200.0,-0.1,3.0206,0.0206,2.9206,240.0,True
30,5,G1,movimiento_lineal,2.9,0.0,102.9,200.0,-0.1,3.0218,0.021800000000000007,2.9217999999999997,240.0,True
31,5,G1,movimiento_lineal,3.0,0.0,103.0,200.0,-0.1,3.023,0.023,2.923,240.0,True
32,5,G1,movimiento_lineal,3.1000000000000005,0.0,103.1,200.0,-0.1,3.0242,0.02420000000000001,2.9242,240.0,True
33,5,G1,movimiento_lineal,3.2,0.0,103.2,200.0,-0.1,3.0254,0.025400000000000006,2.9254,240.0,True
34,5,G1,movimiento_lineal,3.3000000000000003,0.0,103.3,200.0,-0.1,3.0266,0.026600000000000013,2.9266,240.0,True
35,5,G1,movimiento_lineal,3.4,0.0,103.4,200.0,-0.1,3.0278,0.027800000000000005,2.9278,240.0,True
36,5,G1,movimiento_lineal,3.5,0.0,103.5,200.0,-0.1,3.029,0.029000000000000005,2.929,240.0,True
37,5,G1,movimiento_lineal,3.5999999999999996,0.0,103.6,200.0,-0.1,3.0302,0.0302,2.9301999999999997,240.0,True
38,5,G1,movimiento_lineal,3.7,0.0,103.7,200.0,-0.1,3.0314,0.031400000000000004,2.9314,240.0,True
39,5,G1,movimiento_lineal,3.8,0.0,103.8,200.0,-0.1,3.0326,0.032600000000000004,2.9326,240.0,True
40,5,G1,movimiento_lineal,3.9000000000000004,0.0,103.9,200.0,-0.1,3.0338,0.03380000000000001,2.9337999999999997,240.0,True
41,5,G1,movimiento_lineal,4.0,0.0,104.0,200.0,-0.1,3.035,0.035,2.935,240.0,True
42,5,G1,movimiento_lineal,4.1,0.0,104.1,200.0,-0.1,3.037,0.037,2.937,240.0,True
43,5,G1,movimiento_lineal,4.199999999999999,0.0,104.2,200.0,-0.1,3.039,0.03899999999999999,2.939,240.0,True
44,5,G1,movimiento_lineal,4.3,0.0,104.3,200.0,-0.1,3.041,0.04100000000000002,2.941,240.0,True
45,5,G1,movimiento_lineal,4.3999999999999995,0.0,104.4,200.0,-0.1,3.043,0.04299999999999998,2.943,240.0,True
46,5,G1,movimiento_lineal,4.5,0.0,104.5,200.0,-0.1,3.045,0.04500000000000001,2.945,240.0,True
47,5,G1,movimiento_lineal,4.6000000000000005,0.0,104.6,200.0,-0.1,3.047,0.047000000000000035,2.947,240.0,True
48,5,G1,movimiento_lineal,4.7,0.0,104.7,200.0,-0.1,3.049,0.048999999999999995,2.949,240.0,True
49,5,G1,movimiento_lineal,4.800000000000001,0.0,104.8,200.0,-0.1,3.051,0.05100000000000002,2.951,240.0,True
50,5,G1,movimiento_lineal,4.9,0.0,104.9,200.0,-0.1,3.053,0.05300000000000002,2.953,240.0,True
51,5,G1,movimiento_lineal,5.0,0.0,105.0,200.0,-0.1,3.055,0.05500000000000001,2.955,240.0,True
52,5,G1,movimiento_lineal,5.1,0.0,105.1,200.0,-0.1,3.057,0.057,2.957,240.0,True
53,5,G1,movimiento_lineal,5.2,0.0,105.2,200.0,-0.1,3.059,0.059,2.959,240.0,True
54,5,G1,movimiento_lineal,5.3,0.0,105.3,200.0,-0.1,3.061,0.061000000000000026,2.961,240.0,True
55,5,G1,movimiento_lineal,5.4,0.0,105.4,200.0,-0.1,3.063,0.06300000000000001,2.963,240.0,True
56,5,G1,movimiento_lineal,5.5,0.0,105.5,200.0,-0.1,3.065,0.065,2.965,240.0,True
57,5,G1,movimiento_lineal,5.6,0.0,105.6,200.0,-0.1,3.067,0.067,2.967,240.0,True
58,5,G1,movimiento_lineal,5.699999999999999,0.0,105.7,200.0,-0.1,3.069,0.06899999999999999,2.969,240.0,True
59,5,G1,movimiento_lineal,5.8,0.0,105.8,200.0,-0.1,3.071,0.07100000000000004,2.971,240.0,True
60,5,G1,movimiento_lineal,5.8999999999999995,0.0,105.9,200.0,-0.1,3.073,0.07299999999999998,2.973,240.0,True
61,5,G1,movimiento_lineal,6.0,0.0,106.0,200.0,-0.1,3.075,0.07500000000000001,2.975,240.0,True
62,5,G1,movimiento_lineal,6.1,0.0,106.1,200.0,-0.1,3.0778,0.0778,2.9778,240.0,True
63,5,G1,movimiento_lineal,6.200000000000001,0.0,106.2,200.0,-0.1,3.0806,0.08060000000000003,2.9806,240.0,True
64,5,G1,movimiento_lineal,6.300000000000001,0.0,106.3,200.0,-0.1,3.0834,0.08340000000000003,2.9834,240.0,True
65,5,G1,movimiento_lineal,6.4,0.0,106.4,200.0,-0.1,3.0862,0.08620000000000001,2.9861999999999997,240.0,True
66,5,G1,movimiento_lineal,6.5,0.0,106.5,200.0,-0.1,3.089,0.08900000000000001,2.989,240.0,True
67,5,G1,movimiento_lineal,6.6000000000000005,0.0,106.6,200.0,-0.1,3.0918,0.09180000000000005,2.9918,240.0,True
68,5,G1,movimiento_lineal,6.7,0.0,106.7,200.0,-0.1,3.0946,0.09459999999999999,2.9945999999999997,240.0,True
69,5,G1,movimiento_lineal,6.8,0.0,106.8,200.0,-0.1,3.0974,0.09740000000000003,2.9974,240.0,True
70,5,G1,movimiento_lineal,6.8999999999999995,0.0,106.9,200.0,-0.1,3.1002,0.10019999999999997,3.0002,240.0,True
71,5,G1,movimiento_lineal,7.0,0.0,107.0,200.0,-0.1,3.103,0.10300000000000001,3.003,240.0,True
72,5,G1,movimiento_lineal,7.1,0.0,107.1,200.0,-0.1,3.1058,0.10579999999999999,3.0058,240.0,True
73,5,G1,movimiento_lineal,7.199999999999999,0.0,107.2,200.0,-0.1,3.1086,0.10859999999999997,3.0086,240.0,True
74,5,G1,movimiento_lineal,7.299999999999999,0.0,107.3,200.0,-0.1,3.1114,0.11139999999999997,3.0114,240.0,True
75,5,G1,movimiento_lineal,7.4,0.0,107.4,200.0,-0.1,3.1142,0.11420000000000002,3.0141999999999998,240.0,True
76,5,G1,movimiento_lineal,7.5,0.0,107.5,200.0,-0.1,3.117,0.117,3.017,240.0,True
77,5,G1,movimiento_lineal,7.6,0.0,107.6,200.0,-0.1,3.1198,0.11979999999999999,3.0198,240.0,True
78,5,G1,movimiento_lineal,7.700000000000001,0.0,107.7,200.0,-0.1,3.1226000000000003,0.12260000000000004,3.0226,240.0,True
79,5,G1,movimiento_lineal,7.800000000000001,0.0,107.8,200.0,-0.1,3.1254,0.12540000000000004,3.0254,240.0,True
80,5,G1,movimiento_lineal,7.9,0.0,107.9,200.0,-0.1,3.1282,0.12820000000000004,3.0282,240.0,True
81,5,G1,movimiento_lineal,8.0,0.0,108.0,200.0,-0.1,3.1310000000000002,0.131,3.031,240.0,True
82,5,G1,movimiento_lineal,8.100000000000001,0.0,108.1,200.0,-0.1,3.1346,0.13460000000000005,3.0345999999999997,240.0,True
83,5,G1,movimiento_lineal,8.2,0.0,108.2,200.0,-0.1,3.1382,0.1382,3.0382,240.0,True
84,5,G1,movimiento_lineal,8.3,0.0,108.3,200.0,-0.1,3.1418,0.14180000000000004,3.0418,240.0,True
85,5,G1,movimiento_lineal,8.399999999999999,0.0,108.4,200.0,-0.1,3.1454,0.14539999999999997,3.0454,240.0,True
86,5,G1,movimiento_lineal,8.5,0.0,108.5,200.0,-0.1,3.149,0.14900000000000002,3.049,240.0,True
87,5,G1,movimiento_lineal,8.6,0.0,108.6,200.0,-0.1,3.1526,0.1526,3.0526,240.0,True
88,5,G1,movimiento_lineal,8.7,0.0,108.7,200.0,-0.1,3.1562,0.15619999999999998,3.0562,240.0,True
89,5,G1,movimiento_lineal,8.799999999999999,0.0,108.8,200.0,-0.1,3.1598,0.15979999999999997,3.0598,240.0,True
90,5,G1,movimiento_lineal,8.9,0.0,108.9,200.0,-0.1,3.1634,0.16340000000000002,3.0634,240.0,True
91,5,G1,movimiento_lineal,9.0,0.0,109.0,200.0,-0.1,3.167,0.167,3.0669999999999997,240.0,True
92,5,G1,movimiento_lineal,9.1,0.0,109.1,200.0,-0.1,3.1706,0.1706,3.0705999999999998,240.0,True
93,5,G1,movimiento_lineal,9.200000000000001,0.0,109.2,200.0,-0.1,3.1742,0.17420000000000005,3.0742,240.0,True
94,5,G1,movimiento_lineal,9.3,0.0,109.3,200.0,-0.1,3.1778,0.1778,3.0778,240.0,True
95,5,G1,movimiento_lineal,9.4,0.0,109.4,200.0,-0.1,3.1814,0.1814,3.0814,240.0,True
96,5,G1,movimiento_lineal,9.5,0.0,109.5,200.0,-0.1,3.185,0.185,3.085,240.0,True
97,5,G1,movimiento_lineal,9.600000000000001,0.0,109.6,200.0,-0.1,3.1886,0.18860000000000005,3.0886,240.0,True
98,5,G1,movimiento_lineal,9.7,0.0,109.7,200.0,-0.1,3.1922,0.19219999999999998,3.0922,240.0,True
99,5,G1,movimiento_lineal,9.8,0.0,109.8,200.0,-0.1,3.1958,0.19580000000000003,3.0958,240.0,True
100,5,G1,movimiento_lineal,9.899999999999999,0.0,109.9,200.0,-0.1,3.1994,0.19939999999999997,3.0993999999999997,240.0,True
101,5,G1,movimiento_lineal,10.0,0.0,110.0,200.0,-0.1,3.203,0.203,3.1029999999999998,240.0,True
102,5,G1,movimiento_lineal,10.1,0.0,110.1,200.0,-0.1,3.2074,0.2074,3.1073999999999997,240.0,True
103,5,G1,movimiento_lineal,10.2,0.0,110.2,200.0,-0.1,3.2118,0.2118,3.1118,240.0,True
104,5,G1,movimiento_lineal,10.299999999999999,0.0,110.3,200.0,-0.1,3.2162,0.21619999999999998,3.1162,240.0,True
105,5,G1,movimiento_lineal,10.4,0.0,110.4,200.0,-0.1,3.2206,0.22060000000000005,3.1206,240.0,True
106,5,G1,movimiento_lineal,10.5,0.0,110.5,200.0,-0.1,3.225,0.225,3.125,240.0,True
107,5,G1,movimiento_lineal,10.6,0.0,110.6,200.0,-0.1,3.2294,0.22940000000000002,3.1294,240.0,True
108,5,G1,movimiento_lineal,10.700000000000001,0.0,110.7,200.0,-0.1,3.2338,0.23380000000000006,3.1338,240.0,True
109,5,G1,movimiento_lineal,10.8,0.0,110.8,200.0,-0.1,3.2382,0.23820000000000005,3.1382,240.0,True
110,5,G1,movimiento_lineal,10.9,0.0,110.9,200.0,-0.1,3.2426,0.24260000000000004,3.1426,240.0,True
111,5,G1,movimiento_lineal,11.0,0.0,111.0,200.0,-0.1,3.247,0.247,3.147,240.0,True
112,5,G1,movimiento_lineal,11.100000000000001,0.0,111.1,200.0,-0.1,3.2514000000000003,0.25140000000000007,3.1514,240.0,True
113,5,G1,movimiento_lineal,11.2,0.0,111.2,200.0,-0.1,3.2558,0.2558,3.1557999999999997,240.0,True
114,5,G1,movimiento_lineal,11.3,0.0,111.3,200.0,-0.1,3.2602,0.2602000000000001,3.1602,240.0,True
115,5,G1,movimiento_lineal,11.399999999999999,0.0,111.4,200.0,-0.1,3.2645999999999997,0.26459999999999995,3.1645999999999996,240.0,True
116,5,G1,movimiento_lineal,11.5,0.0,111.5,200.0,-0.1,3.269,0.269,3.169,240.0,True
117,5,G1,movimiento_lineal,11.6,0.0,111.6,200.0,-0.1,3.2734,0.27340000000000003,3.1734,240.0,True
118,5,G1,movimiento_lineal,11.7,0.0,111.7,200.0,-0.1,3.2778,0.27780000000000005,3.1778,240.0,True
119,5,G1,movimiento_lineal,11.799999999999999,0.0,111.8,200.0,-0.1,3.2822,0.2822,3.1822,240.0,True
120,5,G1,movimiento_lineal,11.9,0.0,111.9,200.0,-0.1,3.2866,0.2866000000000001,3.1866,240.0,True
121,5,G1,movimiento_lineal,12.0,0.0,112.0,200.0,-0.1,3.291,0.29100000000000004,3.191,240.0,True
122,6,G1,movimiento_lineal,12.0,0.1,112.0,200.1,-0.1,3.2922000000000002,0.2922,3.1922,240.0,True
123,6,G1,movimiento_lineal,12.0,0.2,112.0,200.2,-0.1,3.2934,0.29340000000000005,3.1934,240.0,True
124,6,G1,movimiento_lineal,12.0,0.3,112.0,200.3,-0.1,3.2946,0.29460000000000003,3.1946,240.0,True
125,6,G1,movimiento_lineal,12.0,0.4,112.0,200.4,-0.1,3.2958,0.29580000000000006,3.1957999999999998,240.0,True
126,6,G1,movimiento_lineal,12.0,0.5,112.0,200.5,-0.1,3.297,0.29700000000000004,3.197,240.0,True
127,6,G1,movimiento_lineal,12.0,0.6,112.0,200.6,-0.1,3.2982,0.2982000000000001,3.1982,240.0,True
128,6,G1,movimiento_lineal,12.0,0.7,112.0,200.7,-0.1,3.2994,0.29940000000000005,3.1994,240.0,True
129,6,G1,movimiento_lineal,12.0,0.8,112.0,200.8,-0.1,3.3006,0.30060000000000003,3.2006,240.0,True
130,6,G1,movimiento_lineal,12.0,0.9,112.0,200.9,-0.1,3.3018,0.30180000000000007,3.2018,240.0,True
131,6,G1,movimiento_lineal,12.0,1.0,112.0,201.0,-0.1,3.303,0.30300000000000005,3.203,240.0,True
132,6,G1,movimiento_lineal,12.0,1.1,112.0,201.1,-0.1,3.3054,0.30540000000000006,3.2054,240.0,True
133,6,G1,movimiento_lineal,12.0,1.2,112.0,201.2,-0.1,3.3078,0.3078,3.2077999999999998,240.0,True
134,6,G1,movimiento_lineal,12.0,1.3,112.0,201.3,-0.1,3.3102,0.31020000000000003,3.2102,240.0,True
135,6,G1,movimiento_lineal,12.0,1.4,112.0,201.4,-0.1,3.3126,0.31260000000000004,3.2126,240.0,True
136,6,G1,movimiento_lineal,12.0,1.5,112.0,201.5,-0.1,3.315,0.31500000000000006,3.215,240.0,True
137,6,G1,movimiento_lineal,12.0,1.6,112.0,201.6,-0.1,3.3174,0.31740000000000007,3.2174,240.0,True
138,6,G1,movimiento_lineal,12.0,1.7,112.0,201.7,-0.1,3.3198,0.3198000000000001,3.2197999999999998,240.0,True
139,6,G1,movimiento_lineal,12.0,1.8,112.0,201.8,-0.1,3.3222,0.32220000000000004,3.2222,240.0,True
140,6,G1,movimiento_lineal,12.0,1.9,112.0,201.9,-0.1,3.3246,0.32460000000000006,3.2246,240.0,True
141,6,G1,movimiento_lineal,12.0,2.0,112.0,202.0,-0.1,3.327,0.32700000000000007,3.227,240.0,True
142,6,G1,movimiento_lineal,12.0,2.1,112.0,202.1,-0.1,3.3294,0.3294000000000001,3.2294,240.0,True
143,6,G1,movimiento_lineal,12.0,2.2,112.0,202.2,-0.1,3.3318000000000003,0.3318000000000001,3.2318000000000002,240.0,True
144,6,G1,movimiento_lineal,12.0,2.3,112.0,202.3,-0.1,3.3342,0.33420000000000005,3.2342,240.0,True
145,6,G1,movimiento_lineal,12.0,2.4,112.0,202.4,-0.1,3.3366000000000002,0.33660000000000007,3.2366,240.0,True
146,6,G1,movimiento_lineal,12.0,2.5,112.0,202.5,-0.1,3.339,0.3390000000000001,3.239,240.0,True
147,6,G1,movimiento_lineal,12.0,2.6,112.0,202.6,-0.1,3.3414,0.34140000000000004,3.2414,240.0,True
148,6,G1,movimiento_lineal,12.0,2.7,112.0,202.7,-0.1,3.3438,0.3438000000000001,3.2438,240.0,True
149,6,G1,movimiento_lineal,12.0,2.8,112.0,202.8,-0.1,3.3462,0.3462000000000001,3.2462,240.0,True
150,6,G1,movimiento_lineal,12.0,2.9,112.0,202.9,-0.1,3.3486000000000002,0.3486000000000001,3.2486,240.0,True
151,6,G1,movimiento_lineal,12.0,3.0,112.0,203.0,-0.1,3.351,0.3510000000000001,3.251,240.0,True
152,6,G1,movimiento_lineal,12.0,3.1,112.0,203.1,-0.1,3.3546,0.3546000000000001,3.2546,240.0,True
153,6,G1,movimiento_lineal,12.0,3.2,112.0,203.2,-0.1,3.3582,0.35820000000000013,3.2582,240.0,True
154,6,G1,movimiento_lineal,12.0,3.3,112.0,203.3,-0.1,3.3618,0.36180000000000007,3.2618,240.0,True
155,6,G1,movimiento_lineal,12.0,3.4,112.0,203.4,-0.1,3.3654,0.36540000000000006,3.2654,240.0,True
156,6,G1,movimiento_lineal,12.0,3.5,112.0,203.5,-0.1,3.369,0.3690000000000001,3.269,240.0,True
157,6,G1,movimiento_lineal,12.0,3.6,112.0,203.6,-0.1,3.3726000000000003,0.37260000000000004,3.2726,240.0,True
158,6,G1,movimiento_lineal,12.0,3.7,112.0,203.7,-0.1,3.3762,0.3762000000000001,3.2762,240.0,True
159,6,G1,movimiento_lineal,12.0,3.8,112.0,203.8,-0.1,3.3798,0.3798000000000001,3.2798,240.0,True
160,6,G1,movimiento_lineal,12.0,3.9,112.0,203.9,-0.1,3.3834,0.3834000000000001,3.2834,240.0,True
161,6,G1,movimiento_lineal,12.0,4.0,112.0,204.0,-0.1,3.387,0.38700000000000007,3.287,240.0,True
162,6,G1,movimiento_lineal,12.0,4.1,112.0,204.1,-0.1,3.3906,0.39060000000000006,3.2906,240.0,True
163,6,G1,movimiento_lineal,12.0,4.2,112.0,204.2,-0.1,3.3942,0.3942000000000001,3.2942,240.0,True
164,6,G1,movimiento_lineal,12.0,4.3,112.0,204.3,-0.1,3.3978,0.39780000000000004,3.2978,240.0,True
165,6,G1,movimiento_lineal,12.0,4.4,112.0,204.4,-0.1,3.4014,0.40140000000000003,3.3014,240.0,True
166,6,G1,movimiento_lineal,12.0,4.5,112.0,204.5,-0.1,3.4050000000000002,0.405,3.305,240.0,True
167,6,G1,movimiento_lineal,12.0,4.6,112.0,204.6,-0.1,3.4086,0.4086000000000001,3.3085999999999998,240.0,True
168,6,G1,movimiento_lineal,12.0,4.7,112.0,204.7,-0.1,3.4122,0.41220000000000007,3.3122,240.0,True
169,6,G1,movimiento_lineal,12.0,4.8,112.0,204.8,-0.1,3.4158,0.4158,3.3158,240.0,True
170,6,G1,movimiento_lineal,12.0,4.9,112.0,204.9,-0.1,3.4194,0.41940000000000005,3.3194,240.0,True
171,6,G1,movimiento_lineal,12.0,5.0,112.0,205.0,-0.1,3.423,0.42300000000000004,3.323,240.0,True
172,6,G1,movimiento_lineal,12.0,5.1,112.0,205.1,-0.1,3.4278,0.4278,3.3278,240.0,True
173,6,G1,movimiento_lineal,12.0,5.2,112.0,205.2,-0.1,3.4326,0.43260000000000004,3.3326,240.0,True
174,6,G1,movimiento_lineal,12.0,5.3,112.0,205.3,-0.1,3.4374000000000002,0.43740000000000007,3.3374,240.0,True
175,6,G1,movimiento_lineal,12.0,5.4,112.0,205.4,-0.1,3.4422,0.4422000000000001,3.3422,240.0,True
176,6,G1,movimiento_lineal,12.0,5.5,112.0,205.5,-0.1,3.447,0.44700000000000006,3.347,240.0,True
177,6,G1,movimiento_lineal,12.0,5.6,112.0,205.6,-0.1,3.4518,0.4518,3.3518,240.0,True
178,6,G1,movimiento_lineal,12.0,5.7,112.0,205.7,-0.1,3.4566,0.4566,3.3566,240.0,True
179,6,G1,movimiento_lineal,12.0,5.8,112.0,205.8,-0.1,3.4614000000000003,0.46140000000000003,3.3614,240.0,True
180,6,G1,movimiento_lineal,12.0,5.9,112.0,205.9,-0.1,3.4662,0.46620000000000006,3.3662,240.0,True
181,6,G1,movimiento_lineal,12.0,6.0,112.0,206.0,-0.1,3.471,0.47100000000000003,3.371,240.0,True
182,6,G1,movimiento_lineal,12.0,6.1,112.0,206.1,-0.1,3.4758,0.4758,3.3758,240.0,True
183,6,G1,movimiento_lineal,12.0,6.2,112.0,206.2,-0.1,3.4806,0.4806,3.3806,240.0,True
184,6,G1,movimiento_lineal,12.0,6.3,112.0,206.3,-0.1,3.4854000000000003,0.48540000000000005,3.3854,240.0,True
185,6,G1,movimiento_lineal,12.0,6.4,112.0,206.4,-0.1,3.4902,0.4902000000000001,3.3902,240.0,True
186,6,G1,movimiento_lineal,12.0,6.5,112.0,206.5,-0.1,3.495,0.495,3.395,240.0,True
187,6,G1,movimiento_lineal,12.0,6.6,112.0,206.6,-0.1,3.4998,0.49979999999999997,3.3998,240.0,True
188,6,G1,movimiento_lineal,12.0,6.7,112.0,206.7,-0.1,3.5046,0.5045999999999999,3.4046,240.0,True
189,6,G1,movimiento_lineal,12.0,6.8,112.0,206.8,-0.1,3.5094000000000003,0.5094000000000001,3.4094,240.0,True
190,6,G1,movimiento_lineal,12.0,6.9,112.0,206.9,-0.1,3.5141999999999998,0.5142,3.4141999999999997,240.0,True
191,6,G1,movimiento_lineal,12.0,7.0,112.0,207.0,-0.1,3.519,0.519,3.419,240.0,True
192,6,G1,movimiento_lineal,12.0,7.1,112.0,207.1,-0.1,3.525,0.525,3.425,240.0,True
193,6,G1,movimiento_lineal,12.0,7.2,112.0,207.2,-0.1,3.5309999999999997,0.5309999999999999,3.4309999999999996,240.0,True
194,6,G1,movimiento_lineal,12.0,7.3,112.0,207.3,-0.1,3.537,0.537,3.437,240.0,True
195,6,G1,movimiento_lineal,12.0,7.4,112.0,207.4,-0.1,3.543,0.543,3.443,240.0,True
196,6,G1,movimiento_lineal,12.0,7.5,112.0,207.5,-0.1,3.549,0.5489999999999999,3.449,240.0,True
197,6,G1,movimiento_lineal,12.0,7.6,112.0,207.6,-0.1,3.555,0.555,3.455,240.0,True
198,6,G1,movimiento_lineal,12.0,7.7,112.0,207.7,-0.1,3.561,0.5609999999999999,3.461,240.0,True
199,6,G1,movimiento_lineal,12.0,7.8,112.0,207.8,-0.1,3.567,0.5670000000000001,3.467,240.0,True
200,6,G1,movimiento_lineal,12.0,7.9,112.0,207.9,-0.1,3.573,0.5730000000000001,3.473,240.0,True
201,6,G1,movimiento_lineal,12.0,8.0,112.0,208.0,-0.1,3.5789999999999997,0.579,3.4789999999999996,240.0,True
202,7,G1,movimiento_lineal,11.9,8.0,111.9,208.0,-0.1,3.5738000000000003,0.5738000000000001,3.4738,240.0,True
203,7,G1,movimiento_lineal,11.8,8.0,111.8,208.0,-0.1,3.5686,0.5686,3.4686,240.0,True
204,7,G1,movimiento_lineal,11.7,8.0,111.7,208.0,-0.1,3.5633999999999997,0.5633999999999999,3.4633999999999996,240.0,True
205,7,G1,movimiento_lineal,11.6,8.0,111.6,208.0,-0.1,3.5582000000000003,0.5582,3.4582,240.0,True
206,7,G1,movimiento_lineal,11.5,8.0,111.5,208.0,-0.1,3.553,0.553,3.453,240.0,True
207,7,G1,movimiento_lineal,11.4,8.0,111.4,208.0,-0.1,3.5478,0.5478000000000001,3.4478,240.0,True
208,7,G1,movimiento_lineal,11.3,8.0,111.3,208.0,-0.1,3.5426,0.5426000000000001,3.4426,240.0,True
209,7,G1,movimiento_lineal,11.2,8.0,111.2,208.0,-0.1,3.5374,0.5374,3.4374,240.0,True
210,7,G1,movimiento_lineal,11.1,8.0,111.1,208.0,-0.1,3.5322,0.5322,3.4322,240.0,True
211,7,G1,movimiento_lineal,11.0,8.0,111.0,208.0,-0.1,3.527,0.527,3.427,240.0,True
212,7,G1,movimiento_lineal,10.9,8.0,110.9,208.0,-0.1,3.5218,0.5218,3.4217999999999997,240.0,True
213,7,G1,movimiento_lineal,10.8,8.0,110.8,208.0,-0.1,3.5166,0.5166000000000001,3.4166,240.0,True
214,7,G1,movimiento_lineal,10.7,8.0,110.7,208.0,-0.1,3.5114,0.5114,3.4114,240.0,True
215,7,G1,movimiento_lineal,10.6,8.0,110.6,208.0,-0.1,3.5061999999999998,0.5062,3.4061999999999997,240.0,True
216,7,G1,movimiento_lineal,10.5,8.0,110.5,208.0,-0.1,3.5010000000000003,0.5010000000000001,3.4010000000000002,240.0,True
217,7,G1,movimiento_lineal,10.4,8.0,110.4,208.0,-0.1,3.4958,0.4958,3.3958,240.0,True
218,7,G1,movimiento_lineal,10.3,8.0,110.3,208.0,-0.1,3.4906,0.49060000000000004,3.3906,240.0,True
219,7,G1,movimiento_lineal,10.2,8.0,110.2,208.0,-0.1,3.4854,0.4854,3.3853999999999997,240.0,True
220,7,G1,movimiento_lineal,10.1,8.0,110.1,208.0,-0.1,3.4802,0.4802,3.3802,240.0,True
221,7,G1,movimiento_lineal,10.0,8.0,110.0,208.0,-0.1,3.475,0.47500000000000003,3.375,240.0,True
222,7,G1,movimiento_lineal,9.9,8.0,109.9,208.0,-0.1,3.4706,0.4706,3.3706,240.0,True
223,7,G1,movimiento_lineal,9.8,8.0,109.8,208.0,-0.1,3.4662,0.4662000000000001,3.3662,240.0,True
224,7,G1,movimiento_lineal,9.7,8.0,109.7,208.0,-0.1,3.4618,0.4618,3.3618,240.0,True
225,7,G1,movimiento_lineal,9.6,8.0,109.6,208.0,-0.1,3.4574,0.45740000000000003,3.3573999999999997,240.0,True
226,7,G1,movimiento_lineal,9.5,8.0,109.5,208.0,-0.1,3.4530000000000003,0.45300000000000007,3.353,240.0,True
227,7,G1,movimiento_lineal,9.4,8.0,109.4,208.0,-0.1,3.4486,0.4486,3.3486,240.0,True
228,7,G1,movimiento_lineal,9.3,8.0,109.3,208.0,-0.1,3.4442,0.44420000000000004,3.3442,240.0,True
229,7,G1,movimiento_lineal,9.2,8.0,109.2,208.0,-0.1,3.4398,0.43979999999999997,3.3398,240.0,True
230,7,G1,movimiento_lineal,9.1,8.0,109.1,208.0,-0.1,3.4354,0.4354,3.3354,240.0,True
231,7,G1,movimiento_lineal,9.0,8.0,109.0,208.0,-0.1,3.431,0.431,3.331,240.0,True
232,7,G1,movimiento_lineal,8.899999999999999,8.0,108.9,208.0,-0.1,3.4266,0.4266,3.3266,240.0,True
233,7,G1,movimiento_lineal,8.8,8.0,108.8,208.0,-0.1,3.4222,0.4222000000000001,3.3222,240.0,True
234,7,G1,movimiento_lineal,8.7,8.0,108.7,208.0,-0.1,3.4177999999999997,0.41779999999999995,3.3177999999999996,240.0,True
235,7,G1,movimiento_lineal,8.6,8.0,108.6,208.0,-0.1,3.4134,0.4134,3.3134,240.0,True
236,7,G1,movimiento_lineal,8.5,8.0,108.5,208.0,-0.1,3.409,0.40900000000000003,3.3089999999999997,240.0,True
237,7,G1,movimiento_lineal,8.4,8.0,108.4,208.0,-0.1,3.4046000000000003,0.40460000000000007,3.3046,240.0,True
238,7,G1,movimiento_lineal,8.3,8.0,108.3,208.0,-0.1,3.4002,0.4002,3.3002,240.0,True
239,7,G1,movimiento_lineal,8.2,8.0,108.2,208.0,-0.1,3.3958,0.39579999999999993,3.2958,240.0,True
240,7,G1,movimiento_lineal,8.1,8.0,108.1,208.0,-0.1,3.3914,0.39139999999999997,3.2914,240.0,True
241,7,G1,movimiento_lineal,8.0,8.0,108.0,208.0,-0.1,3.387,0.387,3.287,240.0,True
242,7,G1,movimiento_lineal,7.9,8.0,107.9,208.0,-0.1,3.3834,0.38339999999999996,3.2834,240.0,True
243,7,G1,movimiento_lineal,7.800000000000001,8.0,107.8,208.0,-0.1,3.3798,0.3798,3.2798,240.0,True
244,7,G1,movimiento_lineal,7.7,8.0,107.7,208.0,-0.1,3.3762,0.3762,3.2762,240.0,True
245,7,G1,movimiento_lineal,7.6000000000000005,8.0,107.6,208.0,-0.1,3.3726000000000003,0.37260000000000004,3.2726,240.0,True
246,7,G1,movimiento_lineal,7.5,8.0,107.5,208.0,-0.1,3.3689999999999998,0.369,3.2689999999999997,240.0,True
247,7,G1,movimiento_lineal,7.3999999999999995,8.0,107.4,208.0,-0.1,3.3654,0.36539999999999995,3.2654,240.0,True
248,7,G1,movimiento_lineal,7.3,8.0,107.3,208.0,-0.1,3.3618,0.3618,3.2618,240.0,True
249,7,G1,movimiento_lineal,7.199999999999999,8.0,107.2,208.0,-0.1,3.3582,0.35819999999999996,3.2582,240.0,True
250,7,G1,movimiento_lineal,7.1,8.0,107.1,208.0,-0.1,3.3546,0.35459999999999997,3.2546,240.0,True
251,7,G1,movimiento_lineal,7.0,8.0,107.0,208.0,-0.1,3.351,0.35100000000000003,3.251,240.0,True
252,7,G1,movimiento_lineal,6.9,8.0,106.9,208.0,-0.1,3.3474,0.3474,3.2474,240.0,True
253,7,G1,movimiento_lineal,6.8,8.0,106.8,208.0,-0.1,3.3438,0.34380000000000005,3.2438,240.0,True
254,7,G1,movimiento_lineal,6.7,8.0,106.7,208.0,-0.1,3.3402,0.34019999999999995,3.2401999999999997,240.0,True
255,7,G1,movimiento_lineal,6.6,8.0,106.6,208.0,-0.1,3.3366,0.3366,3.2365999999999997,240.0,True
256,7,G1,movimiento_lineal,6.5,8.0,106.5,208.0,-0.1,3.333,0.333,3.233,240.0,True
257,7,G1,movimiento_lineal,6.4,8.0,106.4,208.0,-0.1,3.3294,0.3294,3.2294,240.0,True
258,7,G1,movimiento_lineal,6.300000000000001,8.0,106.3,208.0,-0.1,3.3258,0.32580000000000003,3.2258,240.0,True
259,7,G1,movimiento_lineal,6.2,8.0,106.2,208.0,-0.1,3.3222,0.3222,3.2222,240.0,True
260,7,G1,movimiento_lineal,6.1000000000000005,8.0,106.1,208.0,-0.1,3.3186,0.3186000000000001,3.2186,240.0,True
261,7,G1,movimiento_lineal,6.0,8.0,106.0,208.0,-0.1,3.315,0.315,3.215,240.0,True
262,7,G1,movimiento_lineal,5.9,8.0,105.9,208.0,-0.1,3.3122,0.31220000000000003,3.2121999999999997,240.0,True
263,7,G1,movimiento_lineal,5.799999999999999,8.0,105.8,208.0,-0.1,3.3094,0.3094,3.2094,240.0,True
264,7,G1,movimiento_lineal,5.699999999999999,8.0,105.7,208.0,-0.1,3.3066,0.3066,3.2066,240.0,True
265,7,G1,movimiento_lineal,5.6,8.0,105.6,208.0,-0.1,3.3038,0.30379999999999996,3.2037999999999998,240.0,True
266,7,G1,movimiento_lineal,5.5,8.0,105.5,208.0,-0.1,3.301,0.30100000000000005,3.201,240.0,True
267,7,G1,movimiento_lineal,5.3999999999999995,8.0,105.4,208.0,-0.1,3.2982,0.2982,3.1982,240.0,True
268,7,G1,movimiento_lineal,5.3,8.0,105.3,208.0,-0.1,3.2954,0.2954,3.1954,240.0,True
269,7,G1,movimiento_lineal,5.2,8.0,105.2,208.0,-0.1,3.2926,0.29259999999999997,3.1926,240.0,True
270,7,G1,movimiento_lineal,5.1000000000000005,8.0,105.1,208.0,-0.1,3.2898,0.28980000000000006,3.1898,240.0,True
271,7,G1,movimiento_lineal,5.0,8.0,105.0,208.0,-0.1,3.287,0.28700000000000003,3.187,240.0,True
272,7,G1,movimiento_lineal,4.9,8.0,104.9,208.0,-0.1,3.2842000000000002,0.28420000000000006,3.1842,240.0,True
273,7,G1,movimiento_lineal,4.800000000000001,8.0,104.8,208.0,-0.1,3.2814,0.28140000000000004,3.1814,240.0,True
274,7,G1,movimiento_lineal,4.700000000000001,8.0,104.7,208.0,-0.1,3.2786,0.27860000000000007,3.1786,240.0,True
275,7,G1,movimiento_lineal,4.6,8.0,104.6,208.0,-0.1,3.2758000000000003,0.27580000000000005,3.1758,240.0,True
276,7,G1,movimiento_lineal,4.5,8.0,104.5,208.0,-0.1,3.273,0.273,3.173,240.0,True
277,7,G1,movimiento_lineal,4.4,8.0,104.4,208.0,-0.1,3.2702,0.27020000000000005,3.1702,240.0,True
278,7,G1,movimiento_lineal,4.299999999999999,8.0,104.3,208.0,-0.1,3.2674,0.26739999999999997,3.1673999999999998,240.0,True
279,7,G1,movimiento_lineal,4.199999999999999,8.0,104.2,208.0,-0.1,3.2646,0.2646,3.1646,240.0,True
280,7,G1,movimiento_lineal,4.1,8.0,104.1,208.0,-0.1,3.2618,0.26180000000000003,3.1618,240.0,True
281,7,G1,movimiento_lineal,4.0,8.0,104.0,208.0,-0.1,3.259,0.259,3.159,240.0,True
282,7,G1,movimiento_lineal,3.8999999999999986,8.0,103.9,208.0,-0.1,3.257,0.257,3.157,240.0,True
283,7,G1,movimiento_lineal,3.8000000000000007,8.0,103.8,208.0,-0.1,3.255,0.25500000000000006,3.155,240.0,True
284,7,G1,movimiento_lineal,3.6999999999999993,8.0,103.7,208.0,-0.1,3.253,0.253,3.153,240.0,True
285,7,G1,movimiento_lineal,3.6000000000000014,8.0,103.6,208.0,-0.1,3.251,0.25100000000000006,3.151,240.0,True
286,7,G1,movimiento_lineal,3.5,8.0,103.5,208.0,-0.1,3.249,0.24900000000000003,3.149,240.0,True
287,7,G1,movimiento_lineal,3.4000000000000004,8.0,103.4,208.0,-0.1,3.247,0.24700000000000005,3.147,240.0,True
288,7,G1,movimiento_lineal,3.3000000000000007,8.0,103.3,208.0,-0.1,3.245,0.24500000000000005,3.145,240.0,True
289,7,G1,movimiento_lineal,3.200000000000001,8.0,103.2,208.0,-0.1,3.243,0.24300000000000005,3.143,240.0,True
290,7,G1,movimiento_lineal,3.0999999999999996,8.0,103.1,208.0,-0.1,3.241,0.24100000000000002,3.141,240.0,True
291,7,G1,movimiento_lineal,3.0,8.0,103.0,208.0,-0.1,3.239,0.23900000000000005,3.139,240.0,True
292,7,G1,movimiento_lineal,2.9000000000000004,8.0,102.9,208.0,-0.1,3.237,0.23700000000000004,3.137,240.0,True
293,7,G1,movimiento_lineal,2.799999999999999,8.0,102.8,208.0,-0.1,3.235,0.23500000000000001,3.135,240.0,True
294,7,G1,movimiento_lineal,2.6999999999999993,8.0,102.7,208.0,-0.1,3.233,0.233,3.133,240.0,True
295,7,G1,movimiento_lineal,2.5999999999999996,8.0,102.6,208.0,-0.1,3.231,0.23100000000000004,3.131,240.0,True
296,7,G1,movimiento_lineal,2.5,8.0,102.5,208.0,-0.1,3.229,0.22900000000000004,3.129,240.0,True
297,7,G1,movimiento_lineal,2.3999999999999986,8.0,102.4,208.0,-0.1,3.227,0.22699999999999998,3.127,240.0,True
298,7,G1,movimiento_lineal,2.3000000000000007,8.0,102.3,208.0,-0.1,3.225,0.22500000000000003,3.125,240.0,True
299,7,G1,movimiento_lineal,2.1999999999999993,8.0,102.2,208.0,-0.1,3.223,0.223,3.1229999999999998,240.0,True
300,7,G1,movimiento_lineal,2.1000000000000014,8.0,102.1,208.0,-0.1,3.221,0.22100000000000006,3.121,240.0,True
301,7,G1,movimiento_lineal,2.0,8.0,102.0,208.0,-0.1,3.219,0.21900000000000003,3.1189999999999998,240.0,True
302,7,G1,movimiento_lineal,1.9000000000000004,8.0,101.9,208.0,-0.1,3.2178,0.2178,3.1178,240.0,True
303,7,G1,movimiento_lineal,1.8000000000000007,8.0,101.8,208.0,-0.1,3.2166,0.21660000000000004,3.1166,240.0,True
304,7,G1,movimiento_lineal,1.700000000000001,8.0,101.7,208.0,-0.1,3.2154,0.21540000000000004,3.1153999999999997,240.0,True
305,7,G1,movimiento_lineal,1.5999999999999996,8.0,101.6,208.0,-0.1,3.2142,0.21420000000000006,3.1142,240.0,True
306,7,G1,movimiento_lineal,1.5,8.0,101.5,208.0,-0.1,3.213,0.21300000000000002,3.113,240.0,True
307,7,G1,movimiento_lineal,1.4000000000000004,8.0,101.4,208.0,-0.1,3.2118,0.21180000000000002,3.1118,240.0,True
308,7,G1,movimiento_lineal,1.299999999999999,8.0,101.3,208.0,-0.1,3.2106,0.2106,3.1106,240.0,True
309,7,G1,movimiento_lineal,1.1999999999999993,8.0,101.2,208.0,-0.1,3.2094,0.2094,3.1094,240.0,True
310,7,G1,movimiento_lineal,1.0999999999999996,8.0,101.1,208.0,-0.1,3.2082,0.20820000000000002,3.1082,240.0,True
311,7,G1,movimiento_lineal,1.0,8.0,101.0,208.0,-0.1,3.207,0.20700000000000002,3.1069999999999998,240.0,True
312,7,G1,movimiento_lineal,0.8999999999999986,8.0,100.9,208.0,-0.1,3.2058,0.20579999999999998,3.1058,240.0,True
313,7,G1,movimiento_lineal,0.8000000000000007,8.0,100.8,208.0,-0.1,3.2046,0.20460000000000003,3.1046,240.0,True
314,7,G1,movimiento_lineal,0.6999999999999993,8.0,100.7,208.0,-0.1,3.2034,0.2034,3.1033999999999997,240.0,True
315,7,G1,movimiento_lineal,0.6000000000000014,8.0,100.6,208.0,-0.1,3.2022,0.20220000000000005,3.1022,240.0,True
316,7,G1,movimiento_lineal,0.5,8.0,100.5,208.0,-0.1,3.201,0.201,3.101,240.0,True
317,7,G1,movimiento_lineal,0.40000000000000036,8.0,100.4,208.0,-0.1,3.1998,0.19980000000000003,3.0998,240.0,True
318,7,G1,movimiento_lineal,0.3000000000000007,8.0,100.3,208.0,-0.1,3.1986,0.19860000000000003,3.0986,240.0,True
319,7,G1,movimiento_lineal,0.20000000000000107,8.0,100.2,208.0,-0.1,3.1974,0.19740000000000002,3.0974,240.0,True
320,7,G1,movimiento_lineal,0.09999999999999964,8.0,100.1,208.0,-0.1,3.1962,0.19619999999999999,3.0962,240.0,True
321,7,G1,movimiento_lineal,0.0,8.0,100.0,208.0,-0.1,3.195,0.195,3.0949999999999998,240.0,True
322,8,G1,movimiento_lineal,0.0,7.9,100.0,207.9,-0.1,3.1902,0.19020000000000004,3.0902,240.0,True
323,8,G1,movimiento_lineal,0.0,7.8,100.0,207.8,-0.1,3.1854,0.18540000000000004,3.0854,240.0,True
324,8,G1,movimiento_lineal,0.0,7.7,100.0,207.7,-0.1,3.1806,0.18059999999999998,3.0806,240.0,True
325,8,G1,movimiento_lineal,0.0,7.6,100.0,207.6,-0.1,3.1758,0.17579999999999998,3.0758,240.0,True
326,8,G1,movimiento_lineal,0.0,7.5,100.0,207.5,-0.1,3.171,0.171,3.0709999999999997,240.0,True
327,8,G1,movimiento_lineal,0.0,7.4,100.0,207.4,-0.1,3.1662,0.16620000000000004,3.0662,240.0,True
328,8,G1,movimiento_lineal,0.0,7.3,100.0,207.3,-0.1,3.1614,0.16140000000000004,3.0614,240.0,True
329,8,G1,movimiento_lineal,0.0,7.2,100.0,207.2,-0.1,3.1566,0.15659999999999996,3.0566,240.0,True
330,8,G1,movimiento_lineal,0.0,7.1,100.0,207.1,-0.1,3.1518,0.15180000000000002,3.0518,240.0,True
331,8,G1,movimiento_lineal,0.0,7.0,100.0,207.0,-0.1,3.1470000000000002,0.14700000000000002,3.047,240.0,True
332,8,G1,movimiento_lineal,0.0,6.9,100.0,206.9,-0.1,3.1434,0.14340000000000003,3.0434,240.0,True
333,8,G1,movimiento_lineal,0.0,6.8,100.0,206.8,-0.1,3.1398,0.13980000000000004,3.0398,240.0,True
334,8,G1,movimiento_lineal,0.0,6.7,100.0,206.7,-0.1,3.1362,0.1362,3.0362,240.0,True
335,8,G1,movimiento_lineal,0.0,6.6,100.0,206.6,-0.1,3.1326,0.1326,3.0326,240.0,True
336,8,G1,movimiento_lineal,0.0,6.5,100.0,206.5,-0.1,3.129,0.129,3.029,240.0,True
337,8,G1,movimiento_lineal,0.0,6.4,100.0,206.4,-0.1,3.1254,0.1254,3.0254,240.0,True
338,8,G1,movimiento_lineal,0.0,6.3,100.0,206.3,-0.1,3.1218,0.12180000000000003,3.0218,240.0,True
339,8,G1,movimiento_lineal,0.0,6.2,100.0,206.2,-0.1,3.1182,0.11819999999999999,3.0181999999999998,240.0,True
340,8,G1,movimiento_lineal,0.0,6.1,100.0,206.1,-0.1,3.1146,0.11460000000000001,3.0145999999999997,240.0,True
341,8,G1,movimiento_lineal,0.0,6.0,100.0,206.0,-0.1,3.111,0.11100000000000002,3.011,240.0,True
342,8,G1,movimiento_lineal,0.0,5.9,100.0,205.9,-0.1,3.1074,0.10740000000000002,3.0074,240.0,True
343,8,G1,movimiento_lineal,0.0,5.8,100.0,205.8,-0.1,3.1038,0.10380000000000003,3.0038,240.0,True
344,8,G1,movimiento_lineal,0.0,5.7,100.0,205.7,-0.1,3.1002,0.10019999999999998,3.0002,240.0,True
345,8,G1,movimiento_lineal,0.0,5.6,100.0,205.6,-0.1,3.0966,0.09659999999999999,2.9966,240.0,True
346,8,G1,movimiento_lineal,0.0,5.5,100.0,205.5,-0.1,3.093,0.093,2.993,240.0,True
347,8,G1,movimiento_lineal,0.0,5.4,100.0,205.4,-0.1,3.0894,0.08940000000000001,2.9894,240.0,True
348,8,G1,movimiento_lineal,0.0,5.3,100.0,205.3,-0.1,3.0858,0.08580000000000003,2.9858,240.0,True
349,8,G1,movimiento_lineal,0.0,5.2,100.0,205.2,-0.1,3.0822,0.08219999999999997,2.9821999999999997,240.0,True
350,8,G1,movimiento_lineal,0.0,5.1,100.0,205.1,-0.1,3.0786,0.07859999999999998,2.9785999999999997,240.0,True
351,8,G1,movimiento_lineal,0.0,5.0,100.0,205.0,-0.1,3.075,0.075,2.975,240.0,True
352,8,G1,movimiento_lineal,0.0,4.9,100.0,204.9,-0.1,3.0726,0.0726,2.9726,240.0,True
353,8,G1,movimiento_lineal,0.0,4.8,100.0,204.8,-0.1,3.0702,0.0702,2.9701999999999997,240.0,True
354,8,G1,movimiento_lineal,0.0,4.7,100.0,204.7,-0.1,3.0678,0.0678,2.9678,240.0,True
355,8,G1,movimiento_lineal,0.0,4.6,100.0,204.6,-0.1,3.0654,0.06539999999999999,2.9654,240.0,True
356,8,G1,movimiento_lineal,0.0,4.5,100.0,204.5,-0.1,3.063,0.063,2.963,240.0,True
357,8,G1,movimiento_lineal,0.0,4.4,100.0,204.4,-0.1,3.0606,0.06060000000000001,2.9606,240.0,True
358,8,G1,movimiento_lineal,0.0,4.3,100.0,204.3,-0.1,3.0582,0.0582,2.9581999999999997,240.0,True
359,8,G1,movimiento_lineal,0.0,4.2,100.0,204.2,-0.1,3.0558,0.0558,2.9558,240.0,True
360,8,G1,movimiento_lineal,0.0,4.1,100.0,204.1,-0.1,3.0534,0.053399999999999996,2.9534,240.0,True
361,8,G1,movimiento_lineal,0.0,4.0,100.0,204.0,-0.1,3.051,0.051000000000000004,2.951,240.0,True
362,8,G1,movimiento_lineal,0.0,3.9000000000000004,100.0,203.9,-0.1,3.0486,0.048600000000000004,2.9486,240.0,True
363,8,G1,movimiento_lineal,0.0,3.8,100.0,203.8,-0.1,3.0462,0.04619999999999999,2.9461999999999997,240.0,True
364,8,G1,movimiento_lineal,0.0,3.7,100.0,203.7,-0.1,3.0438,0.043800000000000006,2.9438,240.0,True
365,8,G1,movimiento_lineal,0.0,3.5999999999999996,100.0,203.6,-0.1,3.0414,0.04139999999999999,2.9414,240.0,True
366,8,G1,movimiento_lineal,0.0,3.5,100.0,203.5,-0.1,3.039,0.03900000000000001,2.939,240.0,True
367,8,G1,movimiento_lineal,0.0,3.4000000000000004,100.0,203.4,-0.1,3.0366,0.03660000000000001,2.9366,240.0,True
368,8,G1,movimiento_lineal,0.0,3.3,100.0,203.3,-0.1,3.0342,0.034199999999999994,2.9341999999999997,240.0,True
369,8,G1,movimiento_lineal,0.0,3.2,100.0,203.2,-0.1,3.0318,0.03180000000000001,2.9318,240.0,True
370,8,G1,movimiento_lineal,0.0,3.0999999999999996,100.0,203.1,-0.1,3.0294,0.029399999999999992,2.9294,240.0,True
371,8,G1,movimiento_lineal,0.0,3.0,100.0,203.0,-0.1,3.027,0.027000000000000003,2.927,240.0,True
372,8,G1,movimiento_lineal,0.0,2.9000000000000004,100.0,202.9,-0.1,3.0258,0.025800000000000007,2.9257999999999997,240.0,True
373,8,G1,movimiento_lineal,0.0,2.8,100.0,202.8,-0.1,3.0246,0.024600000000000004,2.9246,240.0,True
374,8,G1,movimiento_lineal,0.0,2.7,100.0,202.7,-0.1,3.0234,0.023400000000000004,2.9234,240.0,True
375,8,G1,movimiento_lineal,0.0,2.5999999999999996,100.0,202.6,-0.1,3.0221999999999998,0.022199999999999998,2.9221999999999997,240.0,True
376,8,G1,movimiento_lineal,0.0,2.5,100.0,202.5,-0.1,3.021,0.021000000000000005,2.921,240.0,True
377,8,G1,movimiento_lineal,0.0,2.4000000000000004,100.0,202.4,-0.1,3.0198,0.019800000000000005,2.9198,240.0,True
378,8,G1,movimiento_lineal,0.0,2.3,100.0,202.3,-0.1,3.0186,0.0186,2.9186,240.0,True
379,8,G1,movimiento_lineal,0.0,2.2,100.0,202.2,-0.1,3.0174,0.017400000000000002,2.9173999999999998,240.0,True
380,8,G1,movimiento_lineal,0.0,2.0999999999999996,100.0,202.1,-0.1,3.0162,0.0162,2.9162,240.0,True
381,8,G1,movimiento_lineal,0.0,2.0,100.0,202.0,-0.1,3.015,0.015000000000000001,2.915,240.0,True
382,8,G1,movimiento_lineal,0.0,1.9000000000000004,100.0,201.9,-0.1,3.0138,0.013800000000000007,2.9137999999999997,240.0,True
383,8,G1,movimiento_lineal,0.0,1.7999999999999998,100.0,201.8,-0.1,3.0126,0.0126,2.9126,240.0,True
384,8,G1,movimiento_lineal,0.0,1.7000000000000002,100.0,201.7,-0.1,3.0114,0.011400000000000004,2.9114,240.0,True
385,8,G1,movimiento_lineal,0.0,1.5999999999999996,100.0,201.6,-0.1,3.0102,0.010199999999999997,2.9102,240.0,True
386,8,G1,movimiento_lineal,0.0,1.5,100.0,201.5,-0.1,3.009,0.009000000000000001,2.909,240.0,True
387,8,G1,movimiento_lineal,0.0,1.4000000000000004,100.0,201.4,-0.1,3.0078,0.007800000000000005,2.9078,240.0,True
388,8,G1,movimiento_lineal,0.0,1.2999999999999998,100.0,201.3,-0.1,3.0066,0.006599999999999998,2.9066,240.0,True
389,8,G1,movimiento_lineal,0.0,1.2000000000000002,100.0,201.2,-0.1,3.0054,0.005400000000000002,2.9053999999999998,240.0,True
390,8,G1,movimiento_lineal,0.0,1.0999999999999996,100.0,201.1,-0.1,3.0042,0.004199999999999995,2.9042,240.0,True
391,8,G1,movimiento_lineal,0.0,1.0,100.0,201.0,-0.1,3.003,0.003,2.903,240.0,True
392,8,G1,movimiento_lineal,0.0,0.9000000000000004,100.0,200.9,-0.1,3.003,0.003,2.903,240.0,True
393,8,G1,movimiento_lineal,0.0,0.7999999999999998,100.0,200.8,-0.1,3.003,0.003,2.903,240.0,True
394,8,G1,movimiento_lineal,0.0,0.7000000000000002,100.0,200.7,-0.1,3.003,0.003,2.903,240.0,True
395,8,G1,movimiento_lineal,0.0,0.5999999999999996,100.0,200.6,-0.1,3.003,0.003,2.903,240.0,True
396,8,G1,movimiento_lineal,0.0,0.5,100.0,200.5,-0.1,3.003,0.003,2.903,240.0,True
397,8,G1,movimiento_lineal,0.0,0.40000000000000036,100.0,200.4,-0.1,3.003,0.003,2.903,240.0,True
398,8,G1,movimiento_lineal,0.0,0.2999999999999998,100.0,200.3,-0.1,3.003,0.003,2.903,240.0,True
399,8,G1,movimiento_lineal,0.0,0.20000000000000018,100.0,200.2,-0.1,3.003,0.003,2.903,240.0,True
400,8,G1,movimiento_lineal,0.0,0.09999999999999964,100.0,200.1,-0.1,3.003,0.003,2.903,240.0,True
401,8,G1,movimiento_lineal,0.0,0.0,100.0,200.0,-0.1,3.003,0.003,2.903,240.0,True
